Unnamed: 0,Customer Name,Review Rating,Review Title,Review Content,Product Name,polarity
0,Aman More,4.0 out of 5 stars,A good daily driver.,pros1 clean bloatfree oxygenos runs smooth come2 amoled screen 90hz refresh rate really go along make display average3 battery life decent last day normal usage4 sound quality good modestly loud drawback cons5 design actually fits hand well shorter usual breadth bit length better viewing experience6 gaming performance average similar phones range better gaming performances7 phone looks feels premium using8 alert slider makes convenient switch different modes9 face unlock fast oneplus phones fastcons1 camera good expected macro lens pretty useless main camera lacks depth colors arent vibrant oneplus 8 bit much beautification selfie shots 4k video recording 60fps absent 108060fps performance quite good camera better phones isnt promised2 headphone jack3 mono speaker bottom right phone tends get covered hand using also one side phone audio isnt well delivered stereo speaker4 expandable memory slot5 plastic frame doesnt look like plastic worrying thing makes phone comparatively less durable6 fingerprint scanner screen isnt quick traditional fingerprint scanner backrecommendation youre looking phone delivers high performance smooth interface daily use go itbut prime purpose gaming better options availablealso youre expecting flagship camera performance might want consider phones pixel 4a release thats far better probablyupdate pixel 4a camera surely much better nords camera,"OnePlus Nord 5G (Blue Marble, 8GB RAM, 128GB Storage)",0.21564993564993568
1,Abhishek Agarwal,3.0 out of 5 stars,Bad bad camera,often leave critical review product excited new oneplus nord got delivered earlier today ahead time still exploring phone one aspect complete let camera pics clicked grainy cool must say oneplus guys really turned time like honestly phones days look feel alike camera one aspect sets winners apart ordinary phonesi dont know guys expected team oneplusthis poco f1 purchased 2 years back returned 10 times better pics since cant return item im going live upgrade sorry negative review,"OnePlus Nord 5G (Blue Marble, 8GB RAM, 128GB Storage)",0.08318181818181816
2,Kiran KS,4.0 out of 5 stars,The original segment of One Plus,battery usage update drains faster one plus modelsso ones travelling frequently might ideal phonefast charging relief ones access charging pointmorning night usage possible moderate slightly heavy usagebottomline good entry phone never experienced one plus ones budget constraints others one plus 8tlighter pro model 180 gms would ideal bring 120hz refresh rate maybe wireless charging tooand afford dont mind heavy phone200 gms one plus 8 pro 8t pro would ideal onesas per amazon reviews users reporting display issues 8 pro 8t pro hopefully better model still use 7t pro provides best one plus experienceinitial impressionsno tint issue widely reportedsmooth given 12gb ram 90hz refresh ratelighter pro model still feels sturdycamera quality par top model one plus devices case outdoor pictures indoorlow light pictures goodnot fan punch hole cameraswould preferred full screen pop insteadbattery usage needs tested seems ok,"OnePlus Nord 5G (Blue Marble, 8GB RAM, 128GB Storage)",0.3441176470588236
3,Nikhil,5.0 out of 5 stars,*Read before you buy!!*,yeapreordered 28 july got 4 august package nice without damage first impression display nice 90 hz refresh rate feels nice smoothcamera okay upto markmacro lens depth sensor back crap wide angle okay images smooth without crispness60 fps video recording 4k rear cam present front cam dont know thatpremium userexperienceface unlock indisplay fingerprint goodphone lacks true premium feel due plastic framethe signature slide button delivers good experienceokay feel need 5g chipset futureproof definitely go want flagship perfomance go k20 pro oneplus 7t wont good choice heavy users still good experience regards games shortruncod high graphics frame rate ran smooth without sudden frame drops got overclocked gpu stilli satisfied got hereupdatedexcellent charging speedthanks warp charge 10 100 less hourbattery backup good daily users lasts almost dayno serious heating issues allthis midrange phoneone best expect monster perfomance itone best choice dailydriver heavy perfomance priority,"OnePlus Nord 5G (Blue Marble, 8GB RAM, 128GB Storage)",0.2667241379310345
4,Deblina Roy,2.0 out of 5 stars,Disappointing,heavily disappointed much hype camera even upto mark grainy pictures looks like applied kind filter selfies way undo haptic feedback good however several bugs phone hoping get fixed update also dont panic nitpick screen quality looks great mebut dont fall marketing gimmick oneplus promised something extraordinary failed also several troubles registering phone red cable club several attempts complaint customer care solved,"OnePlus Nord 5G (Blue Marble, 8GB RAM, 128GB Storage)",0.09102564102564101
5,Amit,5.0 out of 5 stars,Near to mid range  Perfection,got delivered yesterday used 56 hours tell first mid ranger previously using s9 plus s7 edge iphones stone age first one plus mid ranger assure less flagship experience forget bout negative reviews device perfect one looks power performance dont know useful 5g modem cares thats baggage consider nowcamera unit also awesome perfoms well remember bloat free advt free experience oxygen os cons yet discoverenjoy nord,"OnePlus Nord 5G (Blue Marble, 8GB RAM, 128GB Storage)",0.24722222222222223
6,Sreeram,1.0 out of 5 stars,Totally dissatisfied. No AR support.,bought phone augmented reality purpose even launched caption world first ar launching nord supporting augmented reality damn fooled one plus totally disappointed long wait 500 rupees wasted prelaunchar must technology 2020phones even 10k phones giving better supportwhy one plus released skull without brain return worthless waste time,"OnePlus Nord 5G (Blue Marble, 8GB RAM, 128GB Storage)",-0.125
7,aishwarya,5.0 out of 5 stars,Great price!,amazing phonegot delivered today also received red cable membership unexpectedformally one plus comparison one couldve lot betterthe silicone case came however horrible smell wash using phonecamera couldve little betterthe touch smooth one plus phonesfast hellcolors vibrantdoes notification led earphone jackthe grey attractive blue betterwill update display issues claims many months time,"OnePlus Nord 5G (Blue Marble, 8GB RAM, 128GB Storage)",0.11805555555555558
8,Sudeshna Dey,1.0 out of 5 stars,Bad front camera,front camera bad low light photo also bad need update camera section worst camera also excited product like everyone else going one plus brand u r investing 28k mobile satisfy basic average needs least camera quality average 1 rating giving otherwise features good,"OnePlus Nord 5G (Blue Marble, 8GB RAM, 128GB Storage)",-0.13863636363636356
9,Rahul,4.0 out of 5 stars,Good phone,prosmooth os lags allamoled screen good quality screenprivacy useless apps like found chinese phonesall pros would expect specs deviationsconnot metal framecpu slower compared current 865 flagships expecetdnote releived display fine low brightness read users sharing green tint issue face yet update reviews case issues,"OnePlus Nord 5G (Blue Marble, 8GB RAM, 128GB Storage)",0.05952380952380953
10,Praggya,3.0 out of 5 stars,Think and evaluate before you go for it,reading lot geeky reviews youtube portals bought oneplus7t pls note using oneplus last many years expectations clear experience device says reviews unboxing things influenced pls note bought money unlike leading reviewers unboxing video geeks get free pls dont go blindly go users reviews bought money writing 5 days experience phonei gamer geek regular user wants office work phone social media blogging vlogging etcthe last oneplus phone using oneplus 5 quite happy screen got broken replacement cost higher selling price device itselfthe day arrived amazon opened lot excitement continued till held handshere issues1 weight weighed much felt like holding brick thick hold one hand minutes get deep red pit hand due blood circulation2 camera go conference tried clicking pictures picture quality come well still thought may light background previous experiences could believe good continued clicking pictures really missed detailing zoom make blurred clicked magazine cover picture oneplus 5 16 mp camera pic quality natural good clicks blur pics may image stabilization3 battery battery avg time teased iphone samsung series colleagues friends battery life welcome league offers avg battery life never carried charger previous models start 90 even two years carry even average usage wondering would phone battery life year more4 90 hz refresh rate gimmick sell device give fluid experience soon consumes battery always prefer keep 60hz option given display settings always stick desk power source around keep 90hz people move time dont fall it5 sound average phone calls crisp clear times callers voice gets hazy husky voice even audible person person sitting next even lower volumes speakers volume loud sound quality good6 premiumfeeling anymore multiple variants joined league samsung mi oppo vivo launching 7t pro oct 10 disappointment bought 7t day 1 maybe rd trials problem every two months launching new device update previous faults like oneplus 7 voice receiver one side right take calls hear phone left wont get clear voice volume added receivers side devicei still getting spent rs 40000 camera quality battery life sound quality calls getting wounds holding longi always recommended oneplus devices everyone around high hopes trust brand bought day launch experience wont recommend oneplus 7t colleagues friends planning upgrade devices,"OnePlus 7T (Glacier Blue, 8GB RAM, Fluid AMOLED Display, 256GB Storage, 3800mAH Battery)",0.11089802789802793
11,Amazon Customer,4.0 out of 5 stars,Treat to the eye,detailed review design 45reduced notchpremium glass backcamera bumpperformance 55latest greatest hardwaresmart optimisationsos 455smooth android experience oxygen osdisplay 455butter smooth 90 hz amoled display treat eyebattery 355fastest charging ever seenless capacitycamera 45overall good output 3 cameras amazing macro mode misses details messes colors sometimesaudio 45clear loud quality output,"OnePlus 7T (Glacier Blue, 8GB RAM, Fluid AMOLED Display, 256GB Storage, 3800mAH Battery)",0.5333333333333333
12,Kshitij Kumar,5.0 out of 5 stars,Best experience,awesome experiencebest class camera oxygen oslove,"OnePlus 7T (Glacier Blue, 8GB RAM, Fluid AMOLED Display, 256GB Storage, 3800mAH Battery)",1.0
13,manikanta,5.0 out of 5 stars,"One Plus 7T - One Word, STUNNING!!",received one plus 7t 2 days back describe experience 2 daysfirstly kudos amazon quick delivery excellent packagingcoming mobile first impression amazing smooth fast cant come itthe amoeld display stunning camera amazing battery backup also good took 40 min charge 2 100proscamera 485battery 55display 475performance 485speed 55gaming experience 485consno headset jackone plus didnt even provide 35mm type c converter either dissapointed mecamera design could made better feel better compared apple 11 prooverall 475 one plus proves best mobile right go,"OnePlus 7T (Glacier Blue, 8GB RAM, Fluid AMOLED Display, 256GB Storage, 3800mAH Battery)",0.47793650793650794
14,Vicky Sen,1.0 out of 5 stars,Please improve your build quality other wise india will fire you üò†,first one7t make sad received ph manufacturing defect display gum came edges display consumer aspects reputed brand paying 40000,"OnePlus 7T (Glacier Blue, 8GB RAM, Fluid AMOLED Display, 256GB Storage, 3800mAH Battery)",-0.125
15,Rajesh Adhikary,4.0 out of 5 stars,"Pro Camera, performance, looks. Cons Battery drain and heating up issues",phone great performance good camera ambiance charging fast per oneplus standards set earlier phones concerning heating issue crops battery drains quickly keep 60hz longer life anyone else feeling heating issues,"OnePlus 7T (Glacier Blue, 8GB RAM, Fluid AMOLED Display, 256GB Storage, 3800mAH Battery)",0.4066666666666666
16,KESH,1.0 out of 5 stars,PLEASE SAVE YOUR MONEY AND DON'T BUY THIS PHONE.,one worst phone ever purchased please dont buy phone put hard earned money stake many cons phone earlier used one plus 5t phone knew expect phone time much disappointedhere concerns1 screen resolution quality screen poor grains color banding issue screen images looks grainy unsharp comparision one plus 5t 6t phone ratio 209 instagram images shown portrait mode instead landscape mode images screen blurrry2 design phone mess much camera bulk even provided case cannot protect scratches phone fat haevy length also much ratio also premium feeling holding phone one plus 5t3 35mm jack big ommission since one plus 6 phone benefit removing bigger battery also buy seperate adapter new blutooth earphones blutooth earphones quality never good wired earphones4 camera quality average increase picture quality 3 cameras name sakei happy one plus customer wont recommend phone anyone please dont waste money,"OnePlus 7T (Glacier Blue, 8GB RAM, Fluid AMOLED Display, 256GB Storage, 3800mAH Battery)",-0.03314393939393939
17,Dheeraj Malhotra,4.0 out of 5 stars,No earphone jack,earphone jack,"OnePlus 7T (Glacier Blue, 8GB RAM, Fluid AMOLED Display, 256GB Storage, 3800mAH Battery)",0.0
18,Avengers,5.0 out of 5 stars,Good phone,one plus useroneplus one oneplus 3t oneplus 7ti dont like android phones due ui love stock androidcamara awesomefacing problem notifications dont know topi expecting great battery averageas moved 3t 7t buy wireless headphones worried bluetooth connection also goodstable,"OnePlus 7T (Glacier Blue, 8GB RAM, Fluid AMOLED Display, 256GB Storage, 3800mAH Battery)",0.39166666666666666
19,Nitish Kumar,1.0 out of 5 stars,Not recommended at all,smart lock feature working phone doesnt require pin fingerprint sensor sometimes gets unlocked side power button creates big security issue battery back pathetic great camera make totally underserving kind price oneplus selling device option available would asked refund,"OnePlus 7T (Glacier Blue, 8GB RAM, Fluid AMOLED Display, 256GB Storage, 3800mAH Battery)",0.12678571428571428
20,ashish,1.0 out of 5 stars,Please read before buying,hell man im oneplus fan till buy mobilecamera phone completely worse using oneplus 6 op6 camera much better compared op8and important point note phone even compete moms phone samsung a50s 15k rs phonelastly dont trust reviews thiskindly reach ati provide originals picturesbecause wasted 40k let guys wastenote seen reviews youtubebut say bit bad completely bad,OnePlus 8 (Glacial Green 6GB RAM+128GB Storage),-0.18333333333333326
21,Manpreet Singh,3.0 out of 5 stars,Great but always with some screen and body issues!,changed oneplus 8 4 times due something defects like headache giving screens line marks back body etc expensivephone boxes puffed torned displays dull noticed closely warm yellowish control oneplus people go nuts like wow display realizing given inferior quality displays samsungi hope really hope people strive perfection really understand get paying controlling excitements bit forward stronger feedbacks believe listened amazon india helped toomy 5th device came altogether different location excellent box phone built display feels broader even dimensions two parallel lines design defect back clean curvy like oneplus 8 8gb variant mine 6gb one screen display still warm didnt want colors punchy clearly shows display far better previous returned devices1st oneplus 8 8gb long permanent line mark back body looked closely2nd oneplus 8 8gb displays blue light filter issues im sure gave headache seconds eye strain well3rd oneplus 8 6gb 2 parallel lines edges back body device tilted little like dent kind design defect believe though one best display even 5th one im keeping smoother 90 hz4th oneplus 8 6gb 2 parallel lines thought normal okay display yellowish dull playing pubg graphics optimization made game look ugly extreme hd settings hdr sucks looking images articles etc looking good5th oneplus 8 6gb variant told 2 parallel lines punchy colors dull good display however still yellowish large part screen whitish around right left edges screen vivid mode noticed displays warm also noticed vivid mode nicer whiter previous devices one whether dull noti also know screen yellowish bit makes video viewing amazing experience make natural skin color etc less corrected flaws mentioned however im tierd somewhat satisfied want oneplus correct possible software update without compromising quality displayits said apple never compromises quality even delay production find imperfections dont like ios use apple though oneplus like thisnot happy kind support noticed paying got 8gb one really like getting better qalutiy made device first one issue mentioned wasnt shouldnt case leads disappointment variants given attentionperfection internal hardware changesoneplus 8 first last device short period time look brand cares 3 5,OnePlus 8 (Glacial Green 6GB RAM+128GB Storage),0.1411885245901639
22,Vivek Kr. Meena üê∫,5.0 out of 5 stars,Delivers what they promised.! ;),great phonegaming performance great device dont get heat even high settingsi played pubg mobile details provides exciting make feel real shadows treestones mud etc small hands dont buy gaming dont feel comfortable small handscamera good cant say awesomebattery life great charge fastui expected stock android preinstalled third party apps also installed uninstall except netflixthe back cover provide loose cheap buy new better oneover great phonecheers,OnePlus 8 (Glacial Green 6GB RAM+128GB Storage),0.29552447552447547
23,Rahul,5.0 out of 5 stars,Amazing Experience with Oneplus 8,first glance feel premium quality oneplus 8i mentioned good bad points quick understanding every buyer good good build qualityvivid displayexcellent performance softwaresolid battery lifedecent camera performancechic designconsistent performanceoxygen os blissclassleading displaybadno ip rating wireless charginglowlight video could betterbasic cameras setup,OnePlus 8 (Glacial Green 6GB RAM+128GB Storage),0.33055555555555555
24,Aparna Uniyal,1.0 out of 5 stars,Battery/Heating/Network issue,bought one plus 8 3 days back facing multiple issues like battery backup getting 34 hours screen time also facing issues mobile hotspot connecting laptop getting reconnecting however conneting another device hotspot network working also getting heat every time often use lite application like facebook whtsapp apps games tried contact one plus support call whtsapp chat response side,OnePlus 8 (Glacial Green 6GB RAM+128GB Storage),0.0
25,shaikh,1.0 out of 5 stars,Poor Camera Quality.....Too Expensive,camera quality worst oneplus 6t,OnePlus 8 (Glacial Green 6GB RAM+128GB Storage),-1.0
26,Abhishek Patnaik,2.0 out of 5 stars,Heating Issue and Low Quality camera,badly heating issue,OnePlus 8 (Glacial Green 6GB RAM+128GB Storage),-0.6999999999999998
27,Sahil bansal,5.0 out of 5 stars,Better phone but could have been the best,great phone amazon delivers within 10 hours ordering really happy therepros beast performancegreat battery lifebrilliant screenfluid 90hzand blazing fast oxygen os5gconscamera 2megapixel camera sake 3 camera backrest camera averagehopefully upadates fix given one plus history think willcurved screen cause accidental touches covers cant cover phone fully front due display hence prone break regular flat screen phone like 7thave little bit weight due larger batteryprincing highly agressive could provided wireless charging headphone jackin priceoverall good phone want future proof phone eyes closedbut budget 7t mostly get better camera almost fast snapdragon 855pluschoose wisely,OnePlus 8 (Glacial Green 6GB RAM+128GB Storage),0.25609375
28,SK,5.0 out of 5 stars,Do NOT buy this expecting a stellar camera,obviously might done extensive research watched many review videos coming make purchase decision one way happy purchase looking slim elegant powerful light weight device offering premium inhand feel day day important device getcamera going serve well many occasions lighting good people might told camera system mediocre entirely true software updates confidently say yes camera neither great bad delivers decent pictures lighting good absolute camera geek meet succeed expectations incase camera geek get 8pro dont think saving moneyconclusion feels expensive nice balance hand light joy use glacial green matte finish makes front device look expensive dark edgetoedge amoled panel performs like qc 865 easily get day full charge low risk decision cant go wrong buy damn thing,OnePlus 8 (Glacial Green 6GB RAM+128GB Storage),0.21896551724137928
29,Vikas Shah,5.0 out of 5 stars,best and most reliable phone at this price,writing review using phone 7 days believe real user reviews useful youtube tech reviews highly biased practical bought 6 gb variant available 42k dont go 8 gb variant spend 3k valuable money normal users 6 gb ram sufficient 2 gb ram doesnt make phone fast processor work 42k price best option available right would rate 4551 design amazing premium looking phone glass back feels awesome weight management dimensions also great curved display looks amazing2 display display bright visible direct sunlight lowest brightness level notice flickering natural mode noticed yellowish color software issue like changed advancedamoled wide gamut works perfectly curved display doesnt make difference 1 2 days comes fragile tag prepared take extra care 90hz really makes difference 60hz use 90hz display going back 60hz would feel like phone lagging3 performance snapdragon 865 performance buttery smooth4 software first oneplus phone coming motorola phone first priority stock android experience oxygenos best android ui right stock android experience required customization oneplus also provide timely long term software updates phones good thing5 battery using phone 90hz time animations would easily get whole day battery life even moderate heavy user initial 12 charging cycles getting around 6 hours sot improved 7730 hr sot charging speed also great would charge 10 95 around 50 mins6 call quality day day usage havent find issues yet speakers also loud clear7 camera comes one area didnt like primary camera ultrawide angle camera good improvement 7t 2 mp macro camera really pathetic useless also facing issue front camera low light photos blurry video calls zooms face produces blurry face hope oneplus gives software updates solves camera problems found solution downloading gcam giving better results still 42k phone camera goodconclusion phone perfect issues camera department believe phone great go spend 3540k always go brand value like oneplus samsung applei hope find review useful update find issue future,OnePlus 8 (Glacial Green 6GB RAM+128GB Storage),0.30140786749482407
30,Arpit,1.0 out of 5 stars,Dont buy.. after 10 to.15 mins gaming phone lagging too much,dont buy 10 to15 mins gaming phone lagging much,"Redmi Note 9 (Pebble Grey, 4GB RAM 64GB Storage) - 48MP Quad Camera & Full HD+ Display - 3 Months No Cost EMI on BFL",0.2
31,Ujjwal,5.0 out of 5 stars,Overall a good phone üëå,good phonedecent look looks stylishcamera battery quality super goodgood phone range delivery service good,"Redmi Note 9 (Pebble Grey, 4GB RAM 64GB Storage) - 48MP Quad Camera & Full HD+ Display - 3 Months No Cost EMI on BFL",0.5777777777777777
32,Sam singh,2.0 out of 5 stars,Not good,good phone stopped working time didnt suggest,"Redmi Note 9 (Pebble Grey, 4GB RAM 64GB Storage) - 48MP Quad Camera & Full HD+ Display - 3 Months No Cost EMI on BFL",0.7
33,PRABAHARAN,3.0 out of 5 stars,Just Read before buying. My opinion,product review usage 2 weekprosdesign built quality superbdisplay smoothness view impressivefinger print sensor face unlock working perfectrear camera good considering priceram management multitasking ok without new applications consuming 18 gbcall quality fineconsgaming mobile heating lagging playing high graphics gamebattery 5020mah battery moderate performfor charging take 24 hrs per day 0 100 think mi mentioned advertisementmacro camera useless featurefront camera averageui fine consuming rammany preinstalled application could able delete mi appfinalnormal user go ok charge twice dayif game addict product suitable younote requesting replacement 1st mobile due heating issuereceived 2nd one battery draining issue really disappointed charge twice day 5hrs per day suggest please buy brand dont waste money like,"Redmi Note 9 (Pebble Grey, 4GB RAM 64GB Storage) - 48MP Quad Camera & Full HD+ Display - 3 Months No Cost EMI on BFL",0.09920202020202024
34,Malik,2.0 out of 5 stars,Worst,worst product expected even month ut hangs much front camera worst first look good nothing else dont go redmi note 8 even note 5 much better completely disappointed,"Redmi Note 9 (Pebble Grey, 4GB RAM 64GB Storage) - 48MP Quad Camera & Full HD+ Display - 3 Months No Cost EMI on BFL",-0.15000000000000002
35,Sinan Ayoob,5.0 out of 5 stars,Loll !!  I am the first to review this ü§©üëá,awesome product value money best segmentfor normal usage one best long battery life compared smartphonescamera ok pricecharging comparitively slow takes 2 2 half hrs get full charged overall best price,"Redmi Note 9 (Pebble Grey, 4GB RAM 64GB Storage) - 48MP Quad Camera & Full HD+ Display - 3 Months No Cost EMI on BFL",0.4075757575757576
36,Ansh satoeya,3.0 out of 5 stars,Not good like other phones of xiaomi.,mobile phone screen issue completely black wall paper black background theres permanent white dot like screen defective screen requested replacement soon device replaced although device preety average ram management goodgo snapdragon rather mediatekpubg lags sometimes medium settings theres ton preloaded apps apps cannot uninstallthere several options market xiaomi sochoose device wisely,"Redmi Note 9 (Pebble Grey, 4GB RAM 64GB Storage) - 48MP Quad Camera & Full HD+ Display - 3 Months No Cost EMI on BFL",0.036111111111111115
37,Surya K.,4.0 out of 5 stars,Everything nice but only body vibration problem due to plastic back,nice phone smooth performance charge service decent screen quality superb sound ok body vibration issue speaker mode time calling body vibration present notification light overall decent performance price phone support 18 watt fast charge charger support 225 watt,"Redmi Note 9 (Pebble Grey, 4GB RAM 64GB Storage) - 48MP Quad Camera & Full HD+ Display - 3 Months No Cost EMI on BFL",0.3484848484848485
38,Siddhanth Reddy,5.0 out of 5 stars,Good phone..,totally impressed built looks 13k thought getting realme 6i stocks barely lastso decided get phone phone great smooth gaming experience also good good g90tg85 decent processor great daily life performanceif 12k budget go itor 13krealme 6i 14k go poco m2 scarlet red looks stunning,"Redmi Note 9 (Pebble Grey, 4GB RAM 64GB Storage) - 48MP Quad Camera & Full HD+ Display - 3 Months No Cost EMI on BFL",0.4651515151515152
39,Rakesh kumar,1.0 out of 5 stars,Pathetic service by Amazon and worst quality mobile,worst mobile ordered mobile august 03 received 22nd looking mobile display good switched working even though tried charge charging completely dead power mobilei received defect piece try return mobile nobody coming pickup amazon refund optionbuying mobile amazon worst decisionso multiple follow ups someone amazon picked phone return updated yet app communication updated amazon called amazon customer service care like woke sleepmooning asked wait hold never came back talk felt strange call disconnectedits strange behavior amazon regular nd authorized customer amazon since years,"Redmi Note 9 (Pebble Grey, 4GB RAM 64GB Storage) - 48MP Quad Camera & Full HD+ Display - 3 Months No Cost EMI on BFL",-0.17777777777777778
40,shailesh,5.0 out of 5 stars,Samsung m31 all rounder  best mobile.,best camera good battery life eat body material average weight best performance best display,"Samsung Galaxy M31 Prime Edition (Ocean Blue, 6GB RAM, 128GB Storage) - Get Complementary 3 month Prime Membership",0.71
41,Ajay KS,5.0 out of 5 stars,Best Value for Money in this Range. Go for it without any doubt.,best thing get price reputed brand made india tag first time ordered first day online launch happy im writing days usage different experience samsung consistent compared mobile brands ive used earliergood android 10 beautiful looks finally delete sms notification display excellent blue light filter performance good heating lagging real racing worked fine 6000 mah battery big 128 gb storage pretty good 512 gb card supported dedicated external card slot dedicated sim slots support lte fast charging 15w charger top phone phone came 0 charge charged fast mobile speakers sound good prefer external speakers better bass music camera really good macro performance good look skin tatoo photo dust perticles deskphone photo photos m31 phone front rear camera support fhd video 3840x2160 may require carry dslr everyehere face unlock figureprint sensor response good received next day 11 good thin ok doesnt samsung dex started boot screen gave little shock selected reboot option every thing smooth android updated many application updates normal case appeared within days launch update smooth issue feels delicate hand rs49 cover good enough wrongly ordered black set blue 49 reorder blue one well called samsung store information availability date still call themfeedback feels good hand use powerhouse feel update days use dont doubt nowgo without doubt,"Samsung Galaxy M31 Prime Edition (Ocean Blue, 6GB RAM, 128GB Storage) - Get Complementary 3 month Prime Membership",0.30461956521739125
42,surojit das,1.0 out of 5 stars,Poor camera,3rd class front camera 32 mp front camera n looks like 2mp front camera disappointed kind front camera need refund,"Samsung Galaxy M31 Prime Edition (Ocean Blue, 6GB RAM, 128GB Storage) - Get Complementary 3 month Prime Membership",-0.05000000000000001
43,Riddham Jain,1.0 out of 5 stars,"False ads, poor camera quality, inefficient battery management",lets begin obvious phones quality doesnt meet claims madecons1 camera quality picture quality awful worse 8mp camera pixelization obvious definitely 64mp camera believe claims samsung might make quad camera use macro camera reminds decade vga cameras common2 battery samsung may claim battery last two days didnt last long netflix prime video heavy games used makes two biggest features useless3 amazons policy case dont like phone amazon made sure stuck switch 10 day return policy 10 day replacement policy dowright wrong hold onto shutters physical mobile stores days yet request replacement inspection phone buyers site understand fact replacement occur almost 10th day purchase still keeps uneasepros1 display screen quality good adjustment options warm light cold light2 performance streaming videos playing heavy games smooth first 4 days samsung known fast deterioration performance keep eyes ears open3 sound speaker quality okay upto mark noisy place fail hear crispness boom,"Samsung Galaxy M31 Prime Edition (Ocean Blue, 6GB RAM, 128GB Storage) - Get Complementary 3 month Prime Membership",0.021739130434782608
44,Anshul,1.0 out of 5 stars,Inferior quality and built,using 3 days 6000 mah battery name work 1125 days moderate usage64mp camera doesnt support zoom camera doesnt support 60fps video recordingbuild quality good plastic back lots figure prints minutes handling look new secondsface unlock slowheat issue charging heavy usagefull charge takes 3 hrswould recommend buy looking good camera phonego brands like oppo redmi giving much better quality,"Samsung Galaxy M31 Prime Edition (Ocean Blue, 6GB RAM, 128GB Storage) - Get Complementary 3 month Prime Membership",0.2623376623376623
45,Abhinav,1.0 out of 5 stars,Serious Issue,phone wrapped dust although seal packed still many dust screen back side shows security concerns amazon samsung seller must draw attention dust reached seal packed box im lacking trust amazonsamsung seller either phone used components might replaced brand new phonethere exists dusts built factory shows playing customer productphone nice large battery backup 2 days 64 display big camera perfect 6gb ram enough daily usage things good heating issuehowever concern dust came brand newso could give 5 starbut 1 enoughbeware amazonsamsung seller,"Samsung Galaxy M31 Prime Edition (Ocean Blue, 6GB RAM, 128GB Storage) - Get Complementary 3 month Prime Membership",0.3150649350649351
46,abin abraham,1.0 out of 5 stars,Not good at alll,software working sounds media cant attend calls every 5 mints phone gone switched even though retraining option,"Samsung Galaxy M31 Prime Edition (Ocean Blue, 6GB RAM, 128GB Storage) - Get Complementary 3 month Prime Membership",0.0
47,Akshaykumar Patil,2.0 out of 5 stars,Samsung it's not fair .,phone camera good samsung says 64 mega pixel photos like 8 megapixels photo detailing good also processor upton mark time slow hang multi function use using keyboard keyboard hide automatically 1 second mobile variant 6 gb 128 gb dont waste time money,"Samsung Galaxy M31 Prime Edition (Ocean Blue, 6GB RAM, 128GB Storage) - Get Complementary 3 month Prime Membership",0.18
48,Veerababu Puli,1.0 out of 5 stars,Worst phone,camera front worst mark waste money,"Samsung Galaxy M31 Prime Edition (Ocean Blue, 6GB RAM, 128GB Storage) - Get Complementary 3 month Prime Membership",-0.6
49,TUSHAR GOMASE,3.0 out of 5 stars,Bad Product by Samsung,samsung performance seems launched without proper test n trials already m30 decided buy m31 6gb got shocked see poor performance n battery life 64mp images cant sent easily someone whatsapp camera give errors n battery life worst m30 5000mh mobile heats charging,"Samsung Galaxy M31 Prime Edition (Ocean Blue, 6GB RAM, 128GB Storage) - Get Complementary 3 month Prime Membership",-0.33333333333333337
50,Alok Mishra,5.0 out of 5 stars,Average Phone. Critical review for Samsung so that they develop better features,first glance looks bit bulky camera display etc satisfactory overall good non chinese phonehowever improvement tried give critical feedback company phone easy writing sothat samsung india take critical review improvementbatterybattery 7k mha draining fast overall backup time slightly better average phoneuser interfaceuser interface needs tremendous improvement cant take screenshot easily need learn fine motor coordination fingers powervolume button microsecond precision three days discovered taking screenshot swapping screen easy method taking screenshot easy find setting section automatic redial isnt available also setting section searching basic operation like redial call waiting etc either missing difficult access ui intelligent intuitive call recording take permission user starts recording calldolby sounddolby sound effect excellent available external speaker inbuilt speaker dont dolby effect hv buy headphone external speaker experiencing dolby sound effect dolby software impressive work cheapest headphone samsungs inbuilt speaker doesntexternal outlookread somewhere phone 3d prism like glastic body glastic seems discovery new material glassplastic looks transparent shining reality cheap looking smooth slippery plastic back body also prone scratches neither water resistant sometimes generates heat price segment samsung easily provide metallic back better appearance transfer heatoverall good non chini phone good camera display bit bulky satisfactory speed scope tremendous improvement ui setting bit overpriced,"Samsung Galaxy M51 (Celestial Black, 8GB RAM, 128GB Storage)",0.29700956937799045
51,Sanjeev Kumar,1.0 out of 5 stars,"Not recommend, if you want waste your  money  then purchase",cons_overpricedbattery drain fast normal uses give 24 hours backupsound quality sobuild quality goodpros_good processorgood camerauser interface goodfinger print sensor working fast times missed outafter six days uses impressed camera performance display fingerprint working processordisappointed battery performance brother realme 2 giving easily 2days battery backup 4250mah phone horrible battery backup 24 hours 7000 doubt 7000 man battery like 2000 2500mah heating issue also faced charging,"Samsung Galaxy M51 (Celestial Black, 8GB RAM, 128GB Storage)",0.1638888888888889
52,Arghyajyoti Pramanik,5.0 out of 5 stars,Best Smart Phone under 25000/-,awesome camera awesome battery awesome display super clear zoomsuper macro sensorsuper ultrawide angleatlast thanks samsung 730g,"Samsung Galaxy M51 (Celestial Black, 8GB RAM, 128GB Storage)",0.6055555555555556
53,Vaibhav Patke,1.0 out of 5 stars,Pls don't buy.. cheap quality feeling waste of 25k money,genuine feedback samsung buyersnot upto markbattery good mobile heavy handy one hand operation use continuously feel pain hand designed dated poor quality material camera okayi happy overall performance phone price bandmobile perfect 1516k price bandlookwise gooddisplay qaulity good bestsound quality goodcamera much good expectingbig screen perfect movie watcher 30 minutes feel pain handsi bought electric blue colour look like samsung old samrt phone request amazon possible return mobile help returni happy overall performance phone,"Samsung Galaxy M51 (Celestial Black, 8GB RAM, 128GB Storage)",0.3875
54,Nitesh Bajpai,5.0 out of 5 stars,One of the best phones at affordable price...,ok comes first review phone ordered first day sale received 3rd day indeed big bulky phn easy handle highlights1 seamless fingerprint scanner hv heard tht recent samsung phns ths issue however dnt see ths phn gud past phns asus 6z vivo v15pro side fingerprint scanner power button really makes stylish easy handle well2 camera quality really gud wth many features luks tempting im yet explore even dim light scores quite well latest features like slow mo 10x zoom focus lens panorma view added features3 battery ofcourse highlight buying ths phn received phn 43 even rigorous 3 hr session data transfer apps installation still holds 33 believe gonna last 2 days easily wth heavy net usage mild games gud 2 hrs talk time4 luks wise seem premium despite plastic back5 wonderful touch decent processimg speed tried playing 78 apps time never hanged lagged despite 50 memory yet try heavy games though6 front cam spoil fun watching full screen videos like small black dot bt lived wth7 headphones box8 c c charging cable capable reverse charging toooverall wld rate 45 one best non chinese phn available market r luking huge battery wth decent cam light gaming purposewld update battery cam days usage,"Samsung Galaxy M51 (Celestial Black, 8GB RAM, 128GB Storage)",0.23289473684210527
55,ishan gautam,1.0 out of 5 stars,Don't buy this product. Even the most basic things are faulty,theres something wrong new samsung m51 mobile many users also facing issue unable connect wifi samsung m51meanest monster ever hahahahathis meanest monster performing poorly within 5 min unboxing eight yr old lenovo still works like charm wifiissue trying connecting wifi giving correct password says incorrect passwordi done every troubleshooting step suggested samsung tech support1 forget connection reconnect again2 update phone sw latest version3 reset settings4 reset network settings5 factory data reseti applied every step suggested techsupport result still samethe irritating thing company like samsung messup basic feature surprise even tech support run troubleshooting solutionsinstead replacing new phone tech support told get hardware fixed samsung service centre dont get take brand new phone service center get opened instead replacement phone even used hourlast year ordered mi phone flipkart battery getting drained fast within next day phone replaced without questions askeddissappointed amazon way handling issuedont spend hardearned money phone unfortunately phone turnsout faulty never ending process take care issue,"Samsung Galaxy M51 (Celestial Black, 8GB RAM, 128GB Storage)",-0.03693181818181819
56,Rajamanikandan,5.0 out of 5 stars,MONSTER FOR ALL CHINESE MOBILES,perfect mobile you1 properly read spec buying mobile2 dont expect iphone features mobile3 addictive gamer4 dont expect mobile speaker5 concern data handled chinese mobiles6 need better sar value7 first preference battery decent level camera quality8 need trending features covered non chinese mobilethen go also try update latest software setting mobile otherwise heating issue,"Samsung Galaxy M51 (Celestial Black, 8GB RAM, 128GB Storage)",0.26851851851851855
57,Pratik Prasad Gupta,2.0 out of 5 stars,Average Phone at Over Price with some bugs,giving review spending 20 days phone retail user 6 year redmi realme user buy samsung samsungsnapdragon much dispointed pros cons help user like decide whether buy notcons 1 haptic feedback2 low sound quality speaker rs 25k3 apps lock features inbuilt4 case cover box5 plain plastic back design 25k attract much scratches6 samsung trusted knox security fully enable phone ie secure folder option7 sealed package open phone display contain much dust expected packaging like brand like samsung8 gorila glass 3 protection 25k ie dated glass protection using 2 days full care got one scratch mark display9 nfc given samsung pay phone10 audio output boat rockers bluetooth headset phone much lound compare previous phone redmi note 7 pro11 without using phone take 2 hour charge use frequently take 2303 hour charged full 010012 full battery drained 12 hour non stop used including youtube whatsapp facebook messaging etc except game13 carrier aggregation using jio sim samsung m51 realme x2 pro contain different net speed samsung giving 5mbps realme x2 pro giving 910mbps14 calling issue talking ear piece call person hear voice clearly put call loudspeaker receiver call cant hear voice hear sound low turning back earpiece person able hear again15 camera zoom quality good focus sky whole pic turn blue ie saturation level much high phone image attached16 watching movie video phone playing video youtube brightness fluctuate fast much automatically ie adaptive brightness issuepros 1 super amoled plus display2 camera quality good3 7000 mah battery4 till ram management goodto much hype created every phone due many user like purchased phone phone 25k really value money going resale phone many phone 25k best facilities compare samsung m51conclusion phone overpriced performance average,"Samsung Galaxy M51 (Celestial Black, 8GB RAM, 128GB Storage)",0.19425353925353928
58,SRIDHAR LOGANATHAN ,5.0 out of 5 stars,Superior Phone from samsung at budget rate.,using 2 days must say snapdragon 730g works wonderful camerathis time series honest job giving us intelli camera 64 mega pixcel feature selfie cameradisplay fingerprintwith samsung superamoled display truly trust amazing view angle m51 feature widevine l certification enjoy global dolby theatre experience found reliable 1920p 4k level movie watching without distraction due infinite display gives full screen ratio fingerprint side much faster expected doesnt takes second also open even faceunlock fastersuperior matches series flagship premium classy look strong built budget amount 67 inches display good handle well managed one hand use also,"Samsung Galaxy M51 (Celestial Black, 8GB RAM, 128GB Storage)",0.2970238095238095
59,dnyanesh jalamkar,2.0 out of 5 stars,Issues with camera. Unhappy with samsung.,issue camera night mode pro modeit seems like dust present camera sensor visible dark photos photo clicked lens covered completely shows hundreds white spots image happens pro mode regular image noise,"Samsung Galaxy M51 (Celestial Black, 8GB RAM, 128GB Storage)",-0.009999999999999998
60,Suman Biswas,1.0 out of 5 stars,Keep away from Amazon when it's Apple.,may first negative review product amazon much elated receive iphone 11 fast next day dispatch ie 280919 thing got started heating every contacted applecare consoled quite normal continued tried return product speaking amazon customer support vain body called back convey apple decide one take back amazon took sacred duty selling item cant exchange control product developed new issues like proximity sensor malfunction last importantly loosing mobile network every minuteeven two software updates handed apple asp return window closed 101019 use diagnosed issues sent apple repair facility bengaluru im wout first iphone using itsuffering little 2 weeks credit goes amazon bravo keep amazon,"Apple iPhone 11 (128GB) - Black (Includes EarPods, Power Adapter)",0.07325757575757574
61,Neha,1.0 out of 5 stars,Do not buy iphone or expensive product from Amazom,please buy expensive product like iphone amazon bad exp charger cord missing sound quality issues amazon initial told charger doesnt come box challenged asked reimburse cord amount requested replacement days called informed dont take responsibility missing items 10 day replacement policy dont follow read email conversation attached mentioned every thing call recordings well last denied phone replacement even provide missing cord damage quality issues said amazon responsible,"Apple iPhone 11 (128GB) - Black (Includes EarPods, Power Adapter)",-0.1333333333333333
62,shanu Kumar,5.0 out of 5 stars,Solid premium phone from Apple,awesome phone nice upgrade iphone 6s iphone 11 love beautiful phone,"Apple iPhone 11 (128GB) - Black (Includes EarPods, Power Adapter)",0.7375
63,Sunny Kumar,5.0 out of 5 stars,First Time iPhone User Review :-),iphone design good camera quality awesome also take pictures wide angles image quality awesomephone got delivered 9am 28th september preorder 27th september 3am morning got phone delivery date nice secured packagingthe overall look phone premium face unlocking fast grabbed phone hdfc 6k instant discount offer 64k 128 gb variantcons1 phone great use box accessories like earpods lighting connector might feel little pain ears2 phone comes 5w charger charge phone slowly recommend prefer using 18w chargerwell ive never tried iphone im using first time yes im already using apple products like macbook air probut product great im lovin,"Apple iPhone 11 (128GB) - Black (Includes EarPods, Power Adapter)",0.31354166666666666
64,Amazon Customer,1.0 out of 5 stars,Worst Experience Ever.!,phone producing much heat even didnt put sim never used half hour producing much heat totally disappointed amazon saying go icare services calling customer care several times amazon cant anything worst experience amazon one would like repair new phone better go shop buy apple products,"Apple iPhone 11 (128GB) - Black (Includes EarPods, Power Adapter)",-0.1100378787878788
65,Krusshna,1.0 out of 5 stars,Don‚Äôt buy it from this seller,bought mobile appario retail ltd mobile heating within seconds also camera modes arent working properly particularly portrait mode stage light mono options arent working properly raised apple customer care confirmed software issue amazon customer care told need job card report apple service center nearest service center located 210km place imagine amount strain much going cost buy anything seller google u find numerous complaints seller ever sell u find defective products thread sellers dubious deals quora please safe dont regret,"Apple iPhone 11 (128GB) - Black (Includes EarPods, Power Adapter)",0.16296296296296298
66,Satyapal singh,1.0 out of 5 stars,iPhone 11,defective productgot heat within 5 minutes starting need return fastvery bad experience,"Apple iPhone 11 (128GB) - Black (Includes EarPods, Power Adapter)",-0.3499999999999999
67,Gurmeet singh,1.0 out of 5 stars,Defective Iphone 11,product got defective face id working back camera also working lot hassle get exchanged apple service centre also much help product amazon please buy phones apple store get right product,"Apple iPhone 11 (128GB) - Black (Includes EarPods, Power Adapter)",0.1619047619047619
68,Ghar Sayan,5.0 out of 5 stars,Best iPhone ever | Super Night Mode | Super Camera | Yellow,opinion dont think much phone get attaching nightmode pictures check differencepros1 best camera2 best security3 long day battery life4 touch id improved5 iphone 6 best nightmode support7 best processors a13 bionic chipcons1 display could oled price doesnt matter retina lcd really awesome2 slightly bulky weighty u r shifting iphone 7 83 thick bezelsguys samsung well iphone fan price range would suggest order iphone 11 really great dealand u r long time iphone user really great yougot guys,"Apple iPhone 11 (128GB) - Black (Includes EarPods, Power Adapter)",0.4527777777777778
69,Masood Ansari,1.0 out of 5 stars,SELLER SENT ACTIVATED AND REPACKED IPHONE,purchased iphone 11 seller 20th july 2020 got delivered 21st july checked phone settings showed warranty expiring 29th march 2021 phone already activated march 2020 seller repacked sold iphone labelled brand new phone,"Apple iPhone 11 (128GB) - Black (Includes EarPods, Power Adapter)",0.04545454545454545
70,Hitesh kumawat,5.0 out of 5 stars,Beast Phone of The Year! ü§î,triple cameras iphone 11 pro max give apple best camera phone thanks great night mode improved smart hdra huge improvement battery life 20 hours video playback 12 hours video streaming apples slowmotion selfies fun 120 fpsapple given pro moniker iphones first time everything improved everything feels betterit comes new lightning usb cable 5w usb power adapterwith display 65inch super retina xdr display hdrtrue tone splash water dust resistant waterresistant depth 4 meters 30 minutes ip68 triple 12mp cameras ultra wide wide telephoto portrait mode night mode auto adjustments nextgeneration smart hdr 4k video 60 fps extended dynamic range,Apple iPhone 11 Pro Max (64GB) - Midnight Green,0.2806360306360306
71,ravisde,3.0 out of 5 stars,Nice buttery smooth in iOS 13 only,pre ordered item sept 21 received ok 2 oct ios 13 buttery smooth nice update ios1312 available updating stuck apple logo could create return amazon asked contact apple wonder,Apple iPhone 11 Pro Max (64GB) - Midnight Green,0.475
72,R3,5.0 out of 5 stars,Fab üíã,decent packaging shipping upgraded iphone x reckon definitely worth size matters pun intended instantly feel difference bw 57 inch screen 65 inch iphone x earlier model definitely consider upgrading iphone xs max better waiting next year model touted undergo radical changes 5g usbc touch id comeback notch less design perhaps 5g model doesnt make difference least india even 5g spectrum auctioned yet wifi performance better iphone x model supports 11ax protocol way stuck choice bw gold midnight green go gold thank later,Apple iPhone 11 Pro Max (64GB) - Midnight Green,0.06666666666666667
73,Amazon Customer,1.0 out of 5 stars,LOST MY KIDNEYS,lost kidneys,Apple iPhone 11 Pro Max (64GB) - Midnight Green,0.0
74,G G.,1.0 out of 5 stars,11 pro Max,11 pro max 256 gb phone hanged last 12 hours continues,Apple iPhone 11 Pro Max (64GB) - Midnight Green,0.0
75,Nitish ,1.0 out of 5 stars,Hangs multiple times,rate one start product experience using phone one week subpar multiple times one week phone hanged many time even home screen hanged installed five additional apps quora amazon facebook whatsapp google maps please refrain purchasing phone waste money,Apple iPhone 11 Pro Max (64GB) - Midnight Green,0.09999999999999999
76,Mary Catherine,5.0 out of 5 stars,Awesome phone!!,love,Apple iPhone 11 Pro Max (64GB) - Midnight Green,0.5
77,Deepak Malviya,5.0 out of 5 stars,"Fabulous design and outstanding camera, perfect upgrade, awesome camera",using iphone xs max iphone 11 pro max say fabulous outstanding perfect always performance goodnight mode better available camera pixel 4 xl mate 30 pro note 10this device unbeatable next iphone,Apple iPhone 11 Pro Max (64GB) - Midnight Green,0.4666666666666666
78,Chiranjit Das,5.0 out of 5 stars,The Best iPhone Apple has to offer... today,love iphone pro max purchased amazon oct 14th 2019 space grey 64 gb base model delivered oct 19th objective views phonewhat didnt like1 obviously price tag rs 10909900 major deterrent comes decide buying phone2 base model certainly begin 128 gb higher 64 gb gonna enough storing 4k videos3 optical zoom camera still 2x android phones already 5x zoomsnow love phone1 camera main reason upgraded iphone x 11 pro max ultrawide lens improved telephoto lens night mode improved portrait options give exceptional results snaps taken phone could compete professional dslrs 4k video recording support front camera additional bonus2 battery life reviews right used charge iphone x every night whereas amount usage charge 11 prod max 2 nights3 display already big fan 58 oled display iphone x 65 11 pro max offers best oled display come across smartphones4 face id faster apps interface work smoothly ever5 ios 13 though still needs fixes wonderful operating system dark mode welcome changeoverall beast admire apple catching android counterparts several features 11 pro max definitely phone amateur professional photographers,Apple iPhone 11 Pro Max (64GB) - Midnight Green,0.17391975308641974
79,Ghanshyam Dubey,1.0 out of 5 stars,Mobile on off button is not working,switch button working looks like given used phone new box,Apple iPhone 11 Pro Max (64GB) - Midnight Green,0.13636363636363635
80,Arjun,1.0 out of 5 stars,Bad product don't buyüò¢,bad product dont buy,"Vivo V19 (Mystic Silver, 8GB RAM, 128GB Storage) with No Cost EMI/Additional Exchange Offers",-0.6999999999999998
81,Soumyaranjan Nanda,5.0 out of 5 stars,Outstanding..,superb phone light weight premium look camera quality outstanding phone contains many animationswhich makes phone interesting must buy guysprofermance also good music loud,"Vivo V19 (Mystic Silver, 8GB RAM, 128GB Storage) with No Cost EMI/Additional Exchange Offers",0.5285714285714286
82,Inamul Hoque,3.0 out of 5 stars,Price high,price much high,"Vivo V19 (Mystic Silver, 8GB RAM, 128GB Storage) with No Cost EMI/Additional Exchange Offers",0.16
83,Hiren Rathod,5.0 out of 5 stars,See my Detail Review,1 month use1look build quality good2 camera quality feature mind blowing3 battery 33w fast charger goodcharge 10 100 40 45 minutes4 ram management supergood multitasking5 display e3 super amoledpicture quality nice stream video full hd like amazon prime video netflix6 audio output clear loud7 network quality good8 lot new ai feature provide phoneoverall smartphone fulfill technical needsgood work,"Vivo V19 (Mystic Silver, 8GB RAM, 128GB Storage) with No Cost EMI/Additional Exchange Offers",0.24567099567099568
84,Yam k,5.0 out of 5 stars,Camera is too good,superb one best vivo mobiles v19 superb price little high phone awesome,"Vivo V19 (Mystic Silver, 8GB RAM, 128GB Storage) with No Cost EMI/Additional Exchange Offers",0.6620833333333334
85,MUKESH KUMAR MEENA,3.0 out of 5 stars,Mobile price high,nice mobile price high,"Vivo V19 (Mystic Silver, 8GB RAM, 128GB Storage) with No Cost EMI/Additional Exchange Offers",0.38
86,Manoj Nayak,5.0 out of 5 stars,Go For It....If U Want All In One Pack,expect price everything perfecta beautiful mobile daily usestunning displaybeautiful selfie camera front rarebest batteryfast chargingtotally perfect rounder mobile,"Vivo V19 (Mystic Silver, 8GB RAM, 128GB Storage) with No Cost EMI/Additional Exchange Offers",0.6166666666666667
87,Madan Lal,5.0 out of 5 stars,Super,super mobile phone,"Vivo V19 (Mystic Silver, 8GB RAM, 128GB Storage) with No Cost EMI/Additional Exchange Offers",0.3333333333333333
88,Rupinderdeep singh,5.0 out of 5 stars,Super phone in good price,awesome phone pricebattery back impressivefront camera outstandingbefore regular customer oneplus phones price oneplus phones high vivos present fully loaded phone reasonable price love device,"Vivo V19 (Mystic Silver, 8GB RAM, 128GB Storage) with No Cost EMI/Additional Exchange Offers",0.2657142857142857
89,vignesh,1.0 out of 5 stars,not worth for money,phone worth 28k performance bad using 7 days im writing review1 gamer dont run app consume high performance regular banking social apps default phone apps internal memory consumed 20gb still phone takes time load home page really ridiculous2 modes phone working exactly upto mark dark mode change dark mode time select may change phone wishes viseversa would like deselect dark mode b loading screen flickering occurs often many common applications gdrive gpay whatsapp opera browser c receivers seeing face whatsapp app video call duo working fine call receivers facing issuecamera test much didnt see issues clarity goodfinget scan fast compare competitor phonesmy overall rating 1 5complaint registered amazon technician visit inspect phone complaints works randomly screen recored shots proof show,"Vivo V19 (Mystic Silver, 8GB RAM, 128GB Storage) with No Cost EMI/Additional Exchange Offers",0.017222222222222236
90,Rohan sharma,2.0 out of 5 stars,Range is higher then quality,could think compete brands low photography brands comes 48mp quad rear camera,"OPPO A52 (Stream White, 6GB RAM, 128GB Storage) with No Cost EMI/Additional Exchange Offers",0.0
91,Arpana,1.0 out of 5 stars,Dont buy!!,waste money,"OPPO A52 (Stream White, 6GB RAM, 128GB Storage) with No Cost EMI/Additional Exchange Offers",-0.2
92,aditya patel,5.0 out of 5 stars,Shandar Looking,looking awesome purchased younger brother happy get phonenice fast deliveryi hope camera performance good alsoi review someday using,"OPPO A52 (Stream White, 6GB RAM, 128GB Storage) with No Cost EMI/Additional Exchange Offers",0.54
93,Faisal qurshie,3.0 out of 5 stars,Best sound reasonable rate,good phone,"OPPO A52 (Stream White, 6GB RAM, 128GB Storage) with No Cost EMI/Additional Exchange Offers",0.7
94,SUMANTA ADHURJYA,4.0 out of 5 stars,Amazing,nice phonebut price little bit high,"OPPO A52 (Stream White, 6GB RAM, 128GB Storage) with No Cost EMI/Additional Exchange Offers",0.19083333333333333
95,Sasa,4.0 out of 5 stars,Oppo A52,chose mobile others later delivery area go lockdownprime fast delivery kudos amazonabout mobile good piece better go 6 gb ram variantselfie camera outperforms primary camera according specsoverall good decent mobile price point considering aspectspros price1 65 inch full hd good2 128 gb internal memorycons price1 primary camera actually bad2 4gb ram cant multitask3 snapdragon older,"OPPO A52 (Stream White, 6GB RAM, 128GB Storage) with No Cost EMI/Additional Exchange Offers",0.2986111111111111
96,Krishnakant Nigam,1.0 out of 5 stars,Heating problem,heating problem therevery bad experience,"OPPO A52 (Stream White, 6GB RAM, 128GB Storage) with No Cost EMI/Additional Exchange Offers",-0.6999999999999998
97,abhishek,5.0 out of 5 stars,Camera and processor is good,nice camera,"OPPO A52 (Stream White, 6GB RAM, 128GB Storage) with No Cost EMI/Additional Exchange Offers",0.6
98,DARSHA H JIWANI,5.0 out of 5 stars,Nice phone,nice phone,"OPPO A52 (Stream White, 6GB RAM, 128GB Storage) with No Cost EMI/Additional Exchange Offers",0.6
99,MANOJ KUMAR,3.0 out of 5 stars,Oppo a 52,phone call recording function,"OPPO A52 (Stream White, 6GB RAM, 128GB Storage) with No Cost EMI/Additional Exchange Offers",0.0
